1449,9,2017-01-01,weekend,58
1450,9,2017-01-02,weekday,23
1451,9,2017-01-03,weekday,20
1452,9,2017-01-04,weekday,11
1453,9,2017-01-05,weekday,21
1454,9,2017-01-06,weekday,32
1455,9,2017-01-07,weekend,42
1456,9,2017-01-08,weekend,52
1457,9,2017-01-09,weekday,36
1458,9,2017-01-10,weekday,14
1459,9,2017-01-11,weekday,14
1460,9,2017-01-12,weekday,37
1461,9,2017-01-13,weekday,23
1462,9,2017-01-14,weekend,46
1463,9,2017-01-15,weekend,61
1464,9,2017-01-16,weekday,32
1465,9,2017-01-17,weekday,13
1466,9,2017-01-18,weekday,29
1467,9,2017-01-19,weekday,33
1468,9,2017-01-20,weekday,16
1469,9,2017-01-21,weekend,52
1470,9,2017-01-22,weekend,36
1471,9,2017-01-23,weekday,16
1472,9,2017-01-24,weekday,29
1473,9,2017-01-25,weekday,11
1474,9,2017-01-26,Chinese New Year,69
1475,9,2017-01-27,Chinese New Year,57
1476,9,2017-01-28,Chinese New Year,69
1477,9,2017-01-29,Chinese New Year,42
1478,9,2017-01-30,weekday,30
1479,9,2017-01-31,weekday,30
1480,9,2017-02-01,weekday,31
1481,9,2017-02-02,weekday,15
1482,9,2017-02-03,weekday,21
1483,9,2017-02-04,weekend,32
1484,9,2017-02-05,weekend,36
1485,9,2017-02-06,weekday,18
1486,9,2017-02-07,weekday,20
1487,9,2017-02-08,weekday,39
1488,9,2017-02-09,weekday,28
1489,9,2017-02-10,weekday,35
1490,9,2017-02-11,weekend,44
1491,9,2017-02-12,weekend,56
1492,9,2017-02-13,weekday,38
1493,9,2017-02-14,weekday,38
1494,9,2017-02-15,weekday,21
1495,9,2017-02-16,weekday,27
1496,9,2017-02-17,weekday,12
1497,9,2017-02-18,weekend,60
1498,9,2017-02-19,weekend,60
1499,9,2017-02-20,weekday,21
1500,9,2017-02-21,weekday,26
1501,9,2017-02-22,weekday,12
1502,9,2017-02-23,weekday,14
1503,9,2017-02-24,weekday,23
1504,9,2017-02-25,weekend,51
1505,9,2017-02-26,weekend,70
1506,9,2017-02-27,weekday,29
1507,9,2017-02-28,weekday,38
1508,9,2017-03-01,weekday,21
1509,9,2017-03-02,weekday,20
1510,9,2017-03-03,weekday,31
1511,9,2017-03-04,weekend,42
1512,9,2017-03-05,weekend,52
1513,9,2017-03-06,weekday,32
1514,9,2017-03-07,weekday,38
1515,9,2017-03-08,weekday,17
1516,9,2017-03-09,weekday,28
1517,9,2017-03-10,weekday,40
1518,9,2017-03-11,weekend,70
1519,9,2017-03-12,weekend,57
1520,9,2017-03-13,weekday,22
1521,9,2017-03-14,weekday,23
1522,9,2017-03-15,weekday,19
1523,9,2017-03-16,weekday,21
1524,9,2017-03-17,weekday,36
1525,9,2017-03-18,Holi,38
1526,9,2017-03-19,Holi,58
1527,9,2017-03-20,weekday,32
1528,9,2017-03-21,weekday,23
1529,9,2017-03-22,weekday,13
1530,9,2017-03-23,weekday,30
1531,9,2017-03-24,weekday,35
1532,9,2017-03-25,weekend,55
1533,9,2017-03-26,weekend,62
1534,9,2017-03-27,weekday,17
1535,9,2017-03-28,weekday,20
1536,9,2017-03-29,weekday,36
1537,9,2017-03-30,weekday,14
1538,9,2017-03-31,weekday,17
1539,9,2017-04-01,weekend,62
1540,9,2017-04-02,weekend,66
1541,9,2017-04-03,weekday,26
1542,9,2017-04-04,weekday,36
1543,9,2017-04-05,weekday,19
1544,9,2017-04-06,weekday,36
1545,9,2017-04-07,weekday,26
1546,9,2017-04-08,weekend,58
1547,9,2017-04-09,weekend,45
1548,9,2017-04-10,Therabada New Year,41
1549,9,2017-04-11,Therabada New Year,67
1550,9,2017-04-12,Good Friday,32
1551,9,2017-04-13,Good Friday,31
1552,9,2017-04-14,Good Friday,53
1553,9,2017-04-15,weekend,58
1554,9,2017-04-16,weekend,39
1555,9,2017-04-17,weekday,15
1556,9,2017-04-18,weekday,21
1557,9,2017-04-19,weekday,13
1558,9,2017-04-20,weekday,12
1559,9,2017-04-21,weekday,35
1560,9,2017-04-22,weekend,70
1561,9,2017-04-23,weekend,67
1562,9,2017-04-24,weekday,32
1563,9,2017-04-25,weekday,34
1564,9,2017-04-26,weekday,28
1565,9,2017-04-27,weekday,26
1566,9,2017-04-28,weekday,25
1567,9,2017-04-29,weekend,70
1568,9,2017-04-30,Labor Day,54
1569,9,2017-05-01,Labor Day,53
1570,9,2017-05-02,weekday,25
1571,9,2017-05-03,weekday,39
1572,9,2017-05-04,weekday,36
1573,9,2017-05-05,weekday,20
1574,9,2017-05-06,weekend,33
1575,9,2017-05-07,weekend,31
1576,9,2017-05-08,Vesak day,57
1577,9,2017-05-09,Vesak day,51
1578,9,2017-05-10,Vesak day,51
1579,9,2017-05-11,weekday,35
1580,9,2017-05-12,weekday,29
1581,9,2017-05-13,weekend,63
1582,9,2017-05-14,weekend,34
1583,9,2017-05-15,weekday,31
1584,9,2017-05-16,weekday,30
1585,9,2017-05-17,weekday,16
1586,9,2017-05-18,weekday,31
1587,9,2017-05-19,weekday,14
1588,9,2017-05-20,weekend,34
1589,9,2017-05-21,weekend,36
1590,9,2017-05-22,weekday,18
1591,9,2017-05-23,weekday,21
1592,9,2017-05-24,weekday,15
1593,9,2017-05-25,weekday,10
1594,9,2017-05-26,weekday,16
1595,9,2017-05-27,weekend,52
1596,9,2017-05-28,weekend,68
1597,9,2017-05-29,weekday,26
1598,9,2017-05-30,weekday,14
1599,9,2017-05-31,weekday,37
1600,9,2017-06-01,weekday,32
1601,9,2017-06-02,weekday,16
1602,9,2017-06-03,weekend,52
1603,9,2017-06-04,weekend,31
1604,9,2017-06-05,weekday,18
1605,9,2017-06-06,weekday,31
1606,9,2017-06-07,weekday,20
1607,9,2017-06-08,weekday,16
1608,9,2017-06-09,weekday,37
1609,9,2017-06-10,weekend,53
1610,9,2017-06-11,weekend,65
1611,9,2017-06-12,weekday,38
1612,9,2017-06-13,weekday,18
1613,9,2017-06-14,weekday,28
1614,9,2017-06-15,weekday,28
1615,9,2017-06-16,weekday,20
1616,9,2017-06-17,weekend,42
1617,9,2017-06-18,weekend,34
1618,9,2017-06-19,weekday,21
1619,9,2017-06-20,weekday,40
1620,9,2017-06-21,weekday,20
1621,9,2017-06-22,weekday,30
1622,9,2017-06-23,weekday,40
1623,9,2017-06-24,weekend,63
1624,9,2017-06-25,weekend,43
1625,9,2017-06-26,weekday,14
1626,9,2017-06-27,weekday,28
1627,9,2017-06-28,weekday,20
1628,9,2017-06-29,weekday,20
1629,9,2017-06-30,weekday,24
1630,10,2017-01-01,weekend,41
1631,10,2017-01-02,weekday,14
1632,10,2017-01-03,weekday,16
1633,10,2017-01-04,weekday,22
1634,10,2017-01-05,weekday,12
1635,10,2017-01-06,weekday,17
1636,10,2017-01-07,weekend,54
1637,10,2017-01-08,weekend,56
1638,10,2017-01-09,weekday,24
1639,10,2017-01-10,weekday,18
1640,10,2017-01-11,weekday,10
1641,10,2017-01-12,weekday,22
1642,10,2017-01-13,weekday,15
1643,10,2017-01-14,weekend,54
1644,10,2017-01-15,weekend,35
1645,10,2017-01-16,weekday,27
1646,10,2017-01-17,weekday,24
1647,10,2017-01-18,weekday,33
1648,10,2017-01-19,weekday,18
1649,10,2017-01-20,weekday,37
1650,10,2017-01-21,weekend,63
1651,10,2017-01-22,weekend,51
1652,10,2017-01-23,weekday,32
1653,10,2017-01-24,weekday,30
1654,10,2017-01-25,weekday,38
1655,10,2017-01-26,Chinese New Year,65
1656,10,2017-01-27,Chinese New Year,67
1657,10,2017-01-28,Chinese New Year,51
1658,10,2017-01-29,Chinese New Year,62
1659,10,2017-01-30,weekday,34
1660,10,2017-01-31,weekday,17
1661,10,2017-02-01,weekday,35
1662,10,2017-02-02,weekday,28
1663,10,2017-02-03,weekday,33
1664,10,2017-02-04,weekend,41
1665,10,2017-02-05,weekend,51
1666,10,2017-02-06,weekday,24
1667,10,2017-02-07,weekday,31
1668,10,2017-02-08,weekday,35
1669,10,2017-02-09,weekday,10
1670,10,2017-02-10,weekday,38
1671,10,2017-02-11,weekend,38
1672,10,2017-02-12,weekend,45
1673,10,2017-02-13,weekday,21
1674,10,2017-02-14,weekday,32
1675,10,2017-02-15,weekday,19
1676,10,2017-02-16,weekday,27
1677,10,2017-02-17,weekday,37
1678,10,2017-02-18,weekend,65
1679,10,2017-02-19,weekend,62
1680,10,2017-02-20,weekday,32
1681,10,2017-02-21,weekday,19
1682,10,2017-02-22,weekday,31
1683,10,2017-02-23,weekday,31
1684,10,2017-02-24,weekday,11
1685,10,2017-02-25,weekend,36
1686,10,2017-02-26,weekend,32
1687,10,2017-02-27,weekday,18
1688,10,2017-02-28,weekday,38
1689,10,2017-03-01,weekday,22
1690,10,2017-03-02,weekday,35
1691,10,2017-03-03,weekday,30
1692,10,2017-03-04,weekend,41
1693,10,2017-03-05,weekend,53
1694,10,2017-03-06,weekday,23
1695,10,2017-03-07,weekday,22
1696,10,2017-03-08,weekday,26
1697,10,2017-03-09,weekday,28
1698,10,2017-03-10,weekday,13
1699,10,2017-03-11,weekend,70
1700,10,2017-03-12,weekend,67
1701,10,2017-03-13,weekday,32
1702,10,2017-03-14,weekday,14
1703,10,2017-03-15,weekday,33
1704,10,2017-03-16,weekday,24
1705,10,2017-03-17,weekday,24
1706,10,2017-03-18,Holi,44
1707,10,2017-03-19,Holi,55
1708,10,2017-03-20,weekday,32
1709,10,2017-03-21,weekday,36
1710,10,2017-03-22,weekday,19
1711,10,2017-03-23,weekday,34
1712,10,2017-03-24,weekday,13
1713,10,2017-03-25,weekend,48
1714,10,2017-03-26,weekend,30
1715,10,2017-03-27,weekday,18
1716,10,2017-03-28,weekday,18
1717,10,2017-03-29,weekday,21
1718,10,2017-03-30,weekday,20
1719,10,2017-03-31,weekday,21
1720,10,2017-04-01,weekend,37
1721,10,2017-04-02,weekend,68
1722,10,2017-04-03,weekday,25
1723,10,2017-04-04,weekday,10
1724,10,2017-04-05,weekday,29
1725,10,2017-04-06,weekday,37
1726,10,2017-04-07,weekday,26
1727,10,2017-04-08,weekend,30
1728,10,2017-04-09,weekend,61
1729,10,2017-04-10,Therabada New Year,63
1730,10,2017-04-11,Therabada New Year,47
1731,10,2017-04-12,Good Friday,60
1732,10,2017-04-13,Good Friday,37
1733,10,2017-04-14,Good Friday,66
1734,10,2017-04-15,weekend,67
1735,10,2017-04-16,weekend,40
1736,10,2017-04-17,weekday,20
1737,10,2017-04-18,weekday,26
1738,10,2017-04-19,weekday,10
1739,10,2017-04-20,weekday,27
1740,10,2017-04-21,weekday,21
1741,10,2017-04-22,weekend,57
1742,10,2017-04-23,weekend,37
1743,10,2017-04-24,weekday,31
1744,10,2017-04-25,weekday,16
1745,10,2017-04-26,weekday,18
1746,10,2017-04-27,weekday,30
1747,10,2017-04-28,weekday,14
1748,10,2017-04-29,weekend,40
1749,10,2017-04-30,Labor Day,68
1750,10,2017-05-01,Labor Day,34
1751,10,2017-05-02,weekday,28
1752,10,2017-05-03,weekday,28
1753,10,2017-05-04,weekday,35
1754,10,2017-05-05,weekday,30
1755,10,2017-05-06,weekend,66
1756,10,2017-05-07,weekend,66
1757,10,2017-05-08,Vesak day,37
1758,10,2017-05-09,Vesak day,46
1759,10,2017-05-10,Vesak day,35
1760,10,2017-05-11,weekday,24
1761,10,2017-05-12,weekday,20
1762,10,2017-05-13,weekend,56
1763,10,2017-05-14,weekend,45
1764,10,2017-05-15,weekday,29
1765,10,2017-05-16,weekday,29
1766,10,2017-05-17,weekday,29
1767,10,2017-05-18,weekday,32
1768,10,2017-05-19,weekday,17
1769,10,2017-05-20,weekend,41
1770,10,2017-05-21,weekend,63
1771,10,2017-05-22,weekday,36
1772,10,2017-05-23,weekday,37
1773,10,2017-05-24,weekday,35
1774,10,2017-05-25,weekday,33
1775,10,2017-05-26,weekday,35
1776,10,2017-05-27,weekend,57
1777,10,2017-05-28,weekend,31
1778,10,2017-05-29,weekday,37
1779,10,2017-05-30,weekday,37
1780,10,2017-05-31,weekday,34
1781,10,2017-06-01,weekday,35
1782,10,2017-06-02,weekday,23
1783,10,2017-06-03,weekend,49
1784,10,2017-06-04,weekend,37
1785,10,2017-06-05,weekday,21
1786,10,2017-06-06,weekday,24
1787,10,2017-06-07,weekday,16
1788,10,2017-06-08,weekday,33
1789,10,2017-06-09,weekday,37
1790,10,2017-06-10,weekend,64
1791,10,2017-06-11,weekend,58
1792,10,2017-06-12,weekday,26
1793,10,2017-06-13,weekday,10
1794,10,2017-06-14,weekday,31
1795,10,2017-06-15,weekday,23
1796,10,2017-06-16,weekday,27
1797,10,2017-06-17,weekend,33
1798,10,2017-06-18,weekend,49
1799,10,2017-06-19,weekday,11
1800,10,2017-06-20,weekday,31
1801,10,2017-06-21,weekday,38
1802,10,2017-06-22,weekday,10
1803,10,2017-06-23,weekday,14
1804,10,2017-06-24,weekend,66
1805,10,2017-06-25,weekend,30
1806,10,2017-06-26,weekday,38
1807,10,2017-06-27,weekday,31
1808,10,2017-06-28,weekday,38
1809,10,2017-06-29,weekday,37
1810,10,2017-06-30,weekday,20
1811,11,2017-01-01,weekend,45
1812,11,2017-01-02,weekday,16
1813,11,2017-01-03,weekday,39
1814,11,2017-01-04,weekday,15
1815,11,2017-01-05,weekday,12
1816,11,2017-01-06,weekday,34
1817,11,2017-01-07,weekend,36
1818,11,2017-01-08,weekend,45
1819,11,2017-01-09,weekday,24
1820,11,2017-01-10,weekday,20
1821,11,2017-01-11,weekday,10
1822,11,2017-01-12,weekday,21
1823,11,2017-01-13,weekday,26
1824,11,2017-01-14,weekend,45
1825,11,2017-01-15,weekend,50
1826,11,2017-01-16,weekday,15
1827,11,2017-01-17,weekday,23
1828,11,2017-01-18,weekday,39
1829,11,2017-01-19,weekday,15
1830,11,2017-01-20,weekday,36
1831,11,2017-01-21,weekend,44
1832,11,2017-01-22,weekend,63
1833,11,2017-01-23,weekday,19
1834,11,2017-01-24,weekday,30
1835,11,2017-01-25,weekday,20
1836,11,2017-01-26,Chinese New Year,57
1837,11,2017-01-27,Chinese New Year,57
1838,11,2017-01-28,Chinese New Year,66
1839,11,2017-01-29,Chinese New Year,50
1840,11,2017-01-30,weekday,13
1841,11,2017-01-31,weekday,37
1842,11,2017-02-01,weekday,14
1843,11,2017-02-02,weekday,35
1844,11,2017-02-03,weekday,16
1845,11,2017-02-04,weekend,52
1846,11,2017-02-05,weekend,47
1847,11,2017-02-06,weekday,18
1848,11,2017-02-07,weekday,10
1849,11,2017-02-08,weekday,15
1850,11,2017-02-09,weekday,13
1851,11,2017-02-10,weekday,18
1852,11,2017-02-11,weekend,60
1853,11,2017-02-12,weekend,68
1854,11,2017-02-13,weekday,40
1855,11,2017-02-14,weekday,33
1856,11,2017-02-15,weekday,23
1857,11,2017-02-16,weekday,27
1858,11,2017-02-17,weekday,27
1859,11,2017-02-18,weekend,56
1860,11,2017-02-19,weekend,54
1861,11,2017-02-20,weekday,37
1862,11,2017-02-21,weekday,22
1863,11,2017-02-22,weekday,18
1864,11,2017-02-23,weekday,28
1865,11,2017-02-24,weekday,33
1866,11,2017-02-25,weekend,50
1867,11,2017-02-26,weekend,52
1868,11,2017-02-27,weekday,19
1869,11,2017-02-28,weekday,29
1870,11,2017-03-01,weekday,17
1871,11,2017-03-02,weekday,28
1872,11,2017-03-03,weekday,13
1873,11,2017-03-04,weekend,60
1874,11,2017-03-05,weekend,41
1875,11,2017-03-06,weekday,24
1876,11,2017-03-07,weekday,24
1877,11,2017-03-08,weekday,27
1878,11,2017-03-09,weekday,36
1879,11,2017-03-10,weekday,34
1880,11,2017-03-11,weekend,47
1881,11,2017-03-12,weekend,64
1882,11,2017-03-13,weekday,18
1883,11,2017-03-14,weekday,19
1884,11,2017-03-15,weekday,28
1885,11,2017-03-16,weekday,33
1886,11,2017-03-17,weekday,29
1887,11,2017-03-18,Holi,47
1888,11,2017-03-19,Holi,37
1889,11,2017-03-20,weekday,23
1890,11,2017-03-21,weekday,18
1891,11,2017-03-22,weekday,25
1892,11,2017-03-23,weekday,35
1893,11,2017-03-24,weekday,16
1894,11,2017-03-25,weekend,69
1895,11,2017-03-26,weekend,51
1896,11,2017-03-27,weekday,19
1897,11,2017-03-28,weekday,36
1898,11,2017-03-29,weekday,29
1899,11,2017-03-30,weekday,20
1900,11,2017-03-31,weekday,40
1901,11,2017-04-01,weekend,63
1902,11,2017-04-02,weekend,66
1903,11,2017-04-03,weekday,24
1904,11,2017-04-04,weekday,32
1905,11,2017-04-05,weekday,34
1906,11,2017-04-06,weekday,11
1907,11,2017-04-07,weekday,36
1908,11,2017-04-08,weekend,36
1909,11,2017-04-09,weekend,35
1910,11,2017-04-10,Therabada New Year,39
1911,11,2017-04-11,Therabada New Year,53
1912,11,2017-04-12,Good Friday,56
1913,11,2017-04-13,Good Friday,65
1914,11,2017-04-14,Good Friday,69
1915,11,2017-04-15,weekend,30
1916,11,2017-04-16,weekend,31
1917,11,2017-04-17,weekday,11
1918,11,2017-04-18,weekday,39
1919,11,2017-04-19,weekday,28
1920,11,2017-04-20,weekday,34
1921,11,2017-04-21,weekday,21
1922,11,2017-04-22,weekend,67
1923,11,2017-04-23,weekend,67
1924,11,2017-04-24,weekday,38
1925,11,2017-04-25,weekday,10
1926,11,2017-04-26,weekday,12
1927,11,2017-04-27,weekday,31
1928,11,2017-04-28,weekday,12
1929,11,2017-04-29,weekend,33
1930,11,2017-04-30,Labor Day,52
1931,11,2017-05-01,Labor Day,64
1932,11,2017-05-02,weekday,29
1933,11,2017-05-03,weekday,28
1934,11,2017-05-04,weekday,17
1935,11,2017-05-05,weekday,39
1936,11,2017-05-06,weekend,43
1937,11,2017-05-07,weekend,54
1938,11,2017-05-08,Vesak day,40
1939,11,2017-05-09,Vesak day,50
1940,11,2017-05-10,Vesak day,40
1941,11,2017-05-11,weekday,11
1942,11,2017-05-12,weekday,28
1943,11,2017-05-13,weekend,62
1944,11,2017-05-14,weekend,63
1945,11,2017-05-15,weekday,20
1946,11,2017-05-16,weekday,26
1947,11,2017-05-17,weekday,35
1948,11,2017-05-18,weekday,34
1949,11,2017-05-19,weekday,22
1950,11,2017-05-20,weekend,35
1951,11,2017-05-21,weekend,65
1952,11,2017-05-22,weekday,39
1953,11,2017-05-23,weekday,28
1954,11,2017-05-24,weekday,10
1955,11,2017-05-25,weekday,16
1956,11,2017-05-26,weekday,34
1957,11,2017-05-27,weekend,39
1958,11,2017-05-28,weekend,62
1959,11,2017-05-29,weekday,17
1960,11,2017-05-30,weekday,15
1961,11,2017-05-31,weekday,19
1962,11,2017-06-01,weekday,28
1963,11,2017-06-02,weekday,26
1964,11,2017-06-03,weekend,40
1965,11,2017-06-04,weekend,65
1966,11,2017-06-05,weekday,27
1967,11,2017-06-06,weekday,20
1968,11,2017-06-07,weekday,32
1969,11,2017-06-08,weekday,21
1970,11,2017-06-09,weekday,15
1971,11,2017-06-10,weekend,61
1972,11,2017-06-11,weekend,44
1973,11,2017-06-12,weekday,22
1974,11,2017-06-13,weekday,33
1975,11,2017-06-14,weekday,32
1976,11,2017-06-15,weekday,27
1977,11,2017-06-16,weekday,27
1978,11,2017-06-17,weekend,31
1979,11,2017-06-18,weekend,55
1980,11,2017-06-19,weekday,19
1981,11,2017-06-20,weekday,32
1982,11,2017-06-21,weekday,27
1983,11,2017-06-22,weekday,40
1984,11,2017-06-23,weekday,11
1985,11,2017-06-24,weekend,35
1986,11,2017-06-25,weekend,60
1987,11,2017-06-26,weekday,11
1988,11,2017-06-27,weekday,36
1989,11,2017-06-28,weekday,19
1990,11,2017-06-29,weekday,26
1991,11,2017-06-30,weekday,29
1992,12,2017-01-01,weekend,39
1993,12,2017-01-02,weekday,14
1994,12,2017-01-03,weekday,28
1995,12,2017-01-04,weekday,19
1996,12,2017-01-05,weekday,31
1997,12,2017-01-06,weekday,18
1998,12,2017-01-07,weekend,32
1999,12,2017-01-08,weekend,55
2000,12,2017-01-09,weekday,30
2001,12,2017-01-10,weekday,14
2002,12,2017-01-11,weekday,25
2003,12,2017-01-12,weekday,15
2004,12,2017-01-13,weekday,26
2005,12,2017-01-14,weekend,54
2006,12,2017-01-15,weekend,44
2007,12,2017-01-16,weekday,22
2008,12,2017-01-17,weekday,31
2009,12,2017-01-18,weekday,24
2010,12,2017-01-19,weekday,28
2011,12,2017-01-20,weekday,18
2012,12,2017-01-21,weekend,47
2013,12,2017-01-22,weekend,60
2014,12,2017-01-23,weekday,14
2015,12,2017-01-24,weekday,13
2016,12,2017-01-25,weekday,23
2017,12,2017-01-26,Chinese New Year,66
2018,12,2017-01-27,Chinese New Year,55
2019,12,2017-01-28,Chinese New Year,39
2020,12,2017-01-29,Chinese New Year,53
2021,12,2017-01-30,weekday,16
2022,12,2017-01-31,weekday,24
2023,12,2017-02-01,weekday,19
2024,12,2017-02-02,weekday,17
2025,12,2017-02-03,weekday,38
2026,12,2017-02-04,weekend,64
2027,12,2017-02-05,weekend,62
2028,12,2017-02-06,weekday,32
2029,12,2017-02-07,weekday,14
2030,12,2017-02-08,weekday,20
2031,12,2017-02-09,weekday,18
2032,12,2017-02-10,weekday,33
2033,12,2017-02-11,weekend,32
2034,12,2017-02-12,weekend,46
2035,12,2017-02-13,weekday,26
2036,12,2017-02-14,weekday,26
2037,12,2017-02-15,weekday,20
2038,12,2017-02-16,weekday,20
2039,12,2017-02-17,weekday,10
2040,12,2017-02-18,weekend,45
2041,12,2017-02-19,weekend,36
2042,12,2017-02-20,weekday,29
2043,12,2017-02-21,weekday,26
2044,12,2017-02-22,weekday,38
2045,12,2017-02-23,weekday,24
2046,12,2017-02-24,weekday,10
2047,12,2017-02-25,weekend,35
2048,12,2017-02-26,weekend,31
2049,12,2017-02-27,weekday,14
2050,12,2017-02-28,weekday,13
2051,12,2017-03-01,weekday,12
2052,12,2017-03-02,weekday,29
2053,12,2017-03-03,weekday,39
2054,12,2017-03-04,weekend,52
2055,12,2017-03-05,weekend,35
2056,12,2017-03-06,weekday,19
2057,12,2017-03-07,weekday,18
2058,12,2017-03-08,weekday,34
2059,12,2017-03-09,weekday,17
2060,12,2017-03-10,weekday,26
2061,12,2017-03-11,weekend,36
2062,12,2017-03-12,weekend,66
2063,12,2017-03-13,weekday,25
2064,12,2017-03-14,weekday,36
2065,12,2017-03-15,weekday,17
2066,12,2017-03-16,weekday,25
2067,12,2017-03-17,weekday,15
2068,12,2017-03-18,Holi,69
2069,12,2017-03-19,Holi,65
2070,12,2017-03-20,weekday,37
2071,12,2017-03-21,weekday,39
2072,12,2017-03-22,weekday,17
2073,12,2017-03-23,weekday,29
2074,12,2017-03-24,weekday,36
2075,12,2017-03-25,weekend,58
2076,12,2017-03-26,weekend,32
2077,12,2017-03-27,weekday,14
2078,12,2017-03-28,weekday,21
2079,12,2017-03-29,weekday,12
2080,12,2017-03-30,weekday,24
2081,12,2017-03-31,weekday,18
2082,12,2017-04-01,weekend,64
2083,12,2017-04-02,weekend,41
2084,12,2017-04-03,weekday,13
2085,12,2017-04-04,weekday,10
2086,12,2017-04-05,weekday,20
2087,12,2017-04-06,weekday,39
2088,12,2017-04-07,weekday,16
2089,12,2017-04-08,weekend,55
2090,12,2017-04-09,weekend,30
2091,12,2017-04-10,Therabada New Year,70
2092,12,2017-04-11,Therabada New Year,30
2093,12,2017-04-12,Good Friday,69
2094,12,2017-04-13,Good Friday,66
2095,12,2017-04-14,Good Friday,59
2096,12,2017-04-15,weekend,49
2097,12,2017-04-16,weekend,60
2098,12,2017-04-17,weekday,25
2099,12,2017-04-18,weekday,14
2100,12,2017-04-19,weekday,25
2101,12,2017-04-20,weekday,23
2102,12,2017-04-21,weekday,19
2103,12,2017-04-22,weekend,66
2104,12,2017-04-23,weekend,34
2105,12,2017-04-24,weekday,33
2106,12,2017-04-25,weekday,35
2107,12,2017-04-26,weekday,36
2108,12,2017-04-27,weekday,11
2109,12,2017-04-28,weekday,18
2110,12,2017-04-29,weekend,67
2111,12,2017-04-30,Labor Day,62
2112,12,2017-05-01,Labor Day,35
2113,12,2017-05-02,weekday,37
2114,12,2017-05-03,weekday,35
2115,12,2017-05-04,weekday,40
2116,12,2017-05-05,weekday,20
2117,12,2017-05-06,weekend,36
2118,12,2017-05-07,weekend,35
2119,12,2017-05-08,Vesak day,35
2120,12,2017-05-09,Vesak day,62
2121,12,2017-05-10,Vesak day,54
2122,12,2017-05-11,weekday,33
2123,12,2017-05-12,weekday,35
2124,12,2017-05-13,weekend,59
2125,12,2017-05-14,weekend,58
2126,12,2017-05-15,weekday,35
2127,12,2017-05-16,weekday,39
2128,12,2017-05-17,weekday,27
2129,12,2017-05-18,weekday,39
2130,12,2017-05-19,weekday,15
2131,12,2017-05-20,weekend,36
2132,12,2017-05-21,weekend,44
2133,12,2017-05-22,weekday,35
2134,12,2017-05-23,weekday,24
2135,12,2017-05-24,weekday,40
2136,12,2017-05-25,weekday,23
2137,12,2017-05-26,weekday,24
2138,12,2017-05-27,weekend,42
2139,12,2017-05-28,weekend,55
2140,12,2017-05-29,weekday,30
2141,12,2017-05-30,weekday,21
2142,12,2017-05-31,weekday,32
2143,12,2017-06-01,weekday,23
2144,12,2017-06-02,weekday,26
2145,12,2017-06-03,weekend,67
2146,12,2017-06-04,weekend,32
2147,12,2017-06-05,weekday,27
2148,12,2017-06-06,weekday,20
2149,12,2017-06-07,weekday,13
2150,12,2017-06-08,weekday,20
2151,12,2017-06-09,weekday,14
2152,12,2017-06-10,weekend,44
2153,12,2017-06-11,weekend,62
2154,12,2017-06-12,weekday,40
2155,12,2017-06-13,weekday,14
2156,12,2017-06-14,weekday,28
2157,12,2017-06-15,weekday,20
2158,12,2017-06-16,weekday,18
2159,12,2017-06-17,weekend,48
2160,12,2017-06-18,weekend,62
2161,12,2017-06-19,weekday,34
2162,12,2017-06-20,weekday,33
2163,12,2017-06-21,weekday,32
2164,12,2017-06-22,weekday,25
2165,12,2017-06-23,weekday,18
2166,12,2017-06-24,weekend,47
2167,12,2017-06-25,weekend,38
2168,12,2017-06-26,weekday,20
2169,12,2017-06-27,weekday,28
2170,12,2017-06-28,weekday,20
2171,12,2017-06-29,weekday,23
2172,12,2017-06-30,weekday,25
2173,13,2017-01-01,weekend,51
2174,13,2017-01-02,weekday,26
2175,13,2017-01-03,weekday,32
2176,13,2017-01-04,weekday,13
2177,13,2017-01-05,weekday,14
2178,13,2017-01-06,weekday,31
2179,13,2017-01-07,weekend,41
2180,13,2017-01-08,weekend,32
2181,13,2017-01-09,weekday,36
2182,13,2017-01-10,weekday,39
2183,13,2017-01-11,weekday,32
2184,13,2017-01-12,weekday,26
2185,13,2017-01-13,weekday,17
2186,13,2017-01-14,weekend,66
2187,13,2017-01-15,weekend,32
2188,13,2017-01-16,weekday,25
2189,13,2017-01-17,weekday,33
2190,13,2017-01-18,weekday,11
2191,13,2017-01-19,weekday,23
2192,13,2017-01-20,weekday,38
2193,13,2017-01-21,weekend,48
2194,13,2017-01-22,weekend,40
2195,13,2017-01-23,weekday,38
2196,13,2017-01-24,weekday,19
2197,13,2017-01-25,weekday,38
2198,13,2017-01-26,Chinese New Year,31
2199,13,2017-01-27,Chinese New Year,49
2200,13,2017-01-28,Chinese New Year,45
2201,13,2017-01-29,Chinese New Year,56
2202,13,2017-01-30,weekday,27
2203,13,2017-01-31,weekday,27
2204,13,2017-02-01,weekday,12
2205,13,2017-02-02,weekday,18
2206,13,2017-02-03,weekday,39
2207,13,2017-02-04,weekend,46
2208,13,2017-02-05,weekend,62
2209,13,2017-02-06,weekday,14
2210,13,2017-02-07,weekday,26
2211,13,2017-02-08,weekday,19
2212,13,2017-02-09,weekday,21
2213,13,2017-02-10,weekday,18
2214,13,2017-02-11,weekend,70
2215,13,2017-02-12,weekend,63
2216,13,2017-02-13,weekday,33
2217,13,2017-02-14,weekday,39
2218,13,2017-02-15,weekday,20
2219,13,2017-02-16,weekday,20
2220,13,2017-02-17,weekday,33
2221,13,2017-02-18,weekend,48
2222,13,2017-02-19,weekend,48
2223,13,2017-02-20,weekday,25
2224,13,2017-02-21,weekday,36
2225,13,2017-02-22,weekday,17
2226,13,2017-02-23,weekday,14
2227,13,2017-02-24,weekday,23
2228,13,2017-02-25,weekend,53
2229,13,2017-02-26,weekend,54
2230,13,2017-02-27,weekday,37
2231,13,2017-02-28,weekday,38
2232,13,2017-03-01,weekday,14
2233,13,2017-03-02,weekday,11
2234,13,2017-03-03,weekday,24
2235,13,2017-03-04,weekend,37
2236,13,2017-03-05,weekend,36
2237,13,2017-03-06,weekday,24
2238,13,2017-03-07,weekday,10
2239,13,2017-03-08,weekday,21
2240,13,2017-03-09,weekday,39
2241,13,2017-03-10,weekday,21
2242,13,2017-03-11,weekend,64
2243,13,2017-03-12,weekend,34
2244,13,2017-03-13,weekday,39
2245,13,2017-03-14,weekday,29
2246,13,2017-03-15,weekday,21
2247,13,2017-03-16,weekday,16
2248,13,2017-03-17,weekday,10
2249,13,2017-03-18,Holi,57
2250,13,2017-03-19,Holi,69
2251,13,2017-03-20,weekday,37
2252,13,2017-03-21,weekday,24
2253,13,2017-03-22,weekday,29
2254,13,2017-03-23,weekday,18
2255,13,2017-03-24,weekday,30
2256,13,2017-03-25,weekend,58
2257,13,2017-03-26,weekend,57
2258,13,2017-03-27,weekday,21
2259,13,2017-03-28,weekday,35
2260,13,2017-03-29,weekday,17
2261,13,2017-03-30,weekday,35
2262,13,2017-03-31,weekday,18
2263,13,2017-04-01,weekend,56
2264,13,2017-04-02,weekend,60
2265,13,2017-04-03,weekday,24
2266,13,2017-04-04,weekday,15
2267,13,2017-04-05,weekday,36
2268,13,2017-04-06,weekday,18
2269,13,2017-04-07,weekday,35
2270,13,2017-04-08,weekend,37
2271,13,2017-04-09,weekend,31
2272,13,2017-04-10,Therabada New Year,33
2273,13,2017-04-11,Therabada New Year,54
2274,13,2017-04-12,Good Friday,34
2275,13,2017-04-13,Good Friday,44
2276,13,2017-04-14,Good Friday,61
2277,13,2017-04-15,weekend,67
2278,13,2017-04-16,weekend,48
2279,13,2017-04-17,weekday,20
2280,13,2017-04-18,weekday,28
2281,13,2017-04-19,weekday,30
2282,13,2017-04-20,weekday,17
2283,13,2017-04-21,weekday,34
2284,13,2017-04-22,weekend,44
2285,13,2017-04-23,weekend,43
2286,13,2017-04-24,weekday,34
2287,13,2017-04-25,weekday,35
2288,13,2017-04-26,weekday,30
2289,13,2017-04-27,weekday,19
2290,13,2017-04-28,weekday,28
2291,13,2017-04-29,weekend,58
2292,13,2017-04-30,Labor Day,47
2293,13,2017-05-01,Labor Day,46
2294,13,2017-05-02,weekday,35
2295,13,2017-05-03,weekday,25
2296,13,2017-05-04,weekday,28
2297,13,2017-05-05,weekday,17
2298,13,2017-05-06,weekend,63
2299,13,2017-05-07,weekend,34
2300,13,2017-05-08,Vesak day,63
2301,13,2017-05-09,Vesak day,66
2302,13,2017-05-10,Vesak day,33
2303,13,2017-05-11,weekday,12
2304,13,2017-05-12,weekday,26
2305,13,2017-05-13,weekend,43
2306,13,2017-05-14,weekend,36
2307,13,2017-05-15,weekday,37
2308,13,2017-05-16,weekday,34
2309,13,2017-05-17,weekday,30
2310,13,2017-05-18,weekday,22
2311,13,2017-05-19,weekday,12
2312,13,2017-05-20,weekend,58
2313,13,2017-05-21,weekend,36
2314,13,2017-05-22,weekday,27
2315,13,2017-05-23,weekday,20
2316,13,2017-05-24,weekday,30
2317,13,2017-05-25,weekday,24
2318,13,2017-05-26,weekday,37
2319,13,2017-05-27,weekend,43
2320,13,2017-05-28,weekend,41
2321,13,2017-05-29,weekday,24
2322,13,2017-05-30,weekday,34
2323,13,2017-05-31,weekday,34
2324,13,2017-06-01,weekday,23
2325,13,2017-06-02,weekday,27
2326,13,2017-06-03,weekend,62
2327,13,2017-06-04,weekend,37
2328,13,2017-06-05,weekday,18
2329,13,2017-06-06,weekday,24
2330,13,2017-06-07,weekday,40
2331,13,2017-06-08,weekday,32
2332,13,2017-06-09,weekday,14
2333,13,2017-06-10,weekend,37
2334,13,2017-06-11,weekend,54
2335,13,2017-06-12,weekday,32
2336,13,2017-06-13,weekday,14
2337,13,2017-06-14,weekday,20
2338,13,2017-06-15,weekday,39
2339,13,2017-06-16,weekday,15
2340,13,2017-06-17,weekend,70
2341,13,2017-06-18,weekend,68
2342,13,2017-06-19,weekday,36
2343,13,2017-06-20,weekday,27
2344,13,2017-06-21,weekday,31
2345,13,2017-06-22,weekday,30
2346,13,2017-06-23,weekday,17
2347,13,2017-06-24,weekend,46
2348,13,2017-06-25,weekend,35
2349,13,2017-06-26,weekday,19
2350,13,2017-06-27,weekday,30
2351,13,2017-06-28,weekday,17
2352,13,2017-06-29,weekday,14
2353,13,2017-06-30,weekday,30
2354,14,2017-01-01,weekend,61
2355,14,2017-01-02,weekday,31
2356,14,2017-01-03,weekday,17
2357,14,2017-01-04,weekday,20
2358,14,2017-01-05,weekday,39
2359,14,2017-01-06,weekday,19
2360,14,2017-01-07,weekend,70
2361,14,2017-01-08,weekend,38
2362,14,2017-01-09,weekday,11
2363,14,2017-01-10,weekday,23
2364,14,2017-01-11,weekday,19
2365,14,2017-01-12,weekday,13
2366,14,2017-01-13,weekday,24
2367,14,2017-01-14,weekend,68
2368,14,2017-01-15,weekend,60
2369,14,2017-01-16,weekday,23
2370,14,2017-01-17,weekday,26
2371,14,2017-01-18,weekday,39
2372,14,2017-01-19,weekday,18
2373,14,2017-01-20,weekday,27
2374,14,2017-01-21,weekend,41
2375,14,2017-01-22,weekend,31
2376,14,2017-01-23,weekday,10
2377,14,2017-01-24,weekday,25
2378,14,2017-01-25,weekday,35
2379,14,2017-01-26,Chinese New Year,65
2380,14,2017-01-27,Chinese New Year,49
2381,14,2017-01-28,Chinese New Year,39
2382,14,2017-01-29,Chinese New Year,46
2383,14,2017-01-30,weekday,12
2384,14,2017-01-31,weekday,29
2385,14,2017-02-01,weekday,12
2386,14,2017-02-02,weekday,25
2387,14,2017-02-03,weekday,29
2388,14,2017-02-04,weekend,41
2389,14,2017-02-05,weekend,69
2390,14,2017-02-06,weekday,36
2391,14,2017-02-07,weekday,20
2392,14,2017-02-08,weekday,14
2393,14,2017-02-09,weekday,22
2394,14,2017-02-10,weekday,29
2395,14,2017-02-11,weekend,44
2396,14,2017-02-12,weekend,39
2397,14,2017-02-13,weekday,16
2398,14,2017-02-14,weekday,13
2399,14,2017-02-15,weekday,35
2400,14,2017-02-16,weekday,35
2401,14,2017-02-17,weekday,29
2402,14,2017-02-18,weekend,59
2403,14,2017-02-19,weekend,59
2404,14,2017-02-20,weekday,12
2405,14,2017-02-21,weekday,29
2406,14,2017-02-22,weekday,20
2407,14,2017-02-23,weekday,32
2408,14,2017-02-24,weekday,15
2409,14,2017-02-25,weekend,39
2410,14,2017-02-26,weekend,56
2411,14,2017-02-27,weekday,29
2412,14,2017-02-28,weekday,37
2413,14,2017-03-01,weekday,26
2414,14,2017-03-02,weekday,16
2415,14,2017-03-03,weekday,37
2416,14,2017-03-04,weekend,66
2417,14,2017-03-05,weekend,65
2418,14,2017-03-06,weekday,38
2419,14,2017-03-07,weekday,34
2420,14,2017-03-08,weekday,21
2421,14,2017-03-09,weekday,12
2422,14,2017-03-10,weekday,35
2423,14,2017-03-11,weekend,50
2424,14,2017-03-12,weekend,48
2425,14,2017-03-13,weekday,24
2426,14,2017-03-14,weekday,39
2427,14,2017-03-15,weekday,38
2428,14,2017-03-16,weekday,13
2429,14,2017-03-17,weekday,13
2430,14,2017-03-18,Holi,56
2431,14,2017-03-19,Holi,53
2432,14,2017-03-20,weekday,15
2433,14,2017-03-21,weekday,21
2434,14,2017-03-22,weekday,40
2435,14,2017-03-23,weekday,19
2436,14,2017-03-24,weekday,40
2437,14,2017-03-25,weekend,46
2438,14,2017-03-26,weekend,66
2439,14,2017-03-27,weekday,13
2440,14,2017-03-28,weekday,15
2441,14,2017-03-29,weekday,24
2442,14,2017-03-30,weekday,18
2443,14,2017-03-31,weekday,36
2444,14,2017-04-01,weekend,58
2445,14,2017-04-02,weekend,41
2446,14,2017-04-03,weekday,29
2447,14,2017-04-04,weekday,18
2448,14,2017-04-05,weekday,10
2449,14,2017-04-06,weekday,28
2450,14,2017-04-07,weekday,37
2451,14,2017-04-08,weekend,45
2452,14,2017-04-09,weekend,47
2453,14,2017-04-10,Therabada New Year,68
2454,14,2017-04-11,Therabada New Year,31
2455,14,2017-04-12,Good Friday,53
2456,14,2017-04-13,Good Friday,50
2457,14,2017-04-14,Good Friday,33
2458,14,2017-04-15,weekend,59
2459,14,2017-04-16,weekend,67
2460,14,2017-04-17,weekday,10
2461,14,2017-04-18,weekday,13
2462,14,2017-04-19,weekday,23
2463,14,2017-04-20,weekday,33
2464,14,2017-04-21,weekday,25
2465,14,2017-04-22,weekend,49
2466,14,2017-04-23,weekend,56
2467,14,2017-04-24,weekday,30
2468,14,2017-04-25,weekday,11
2469,14,2017-04-26,weekday,21
2470,14,2017-04-27,weekday,22
2471,14,2017-04-28,weekday,27
2472,14,2017-04-29,weekend,31
2473,14,2017-04-30,Labor Day,51
2474,14,2017-05-01,Labor Day,39
2475,14,2017-05-02,weekday,28
2476,14,2017-05-03,weekday,25
2477,14,2017-05-04,weekday,27
2478,14,2017-05-05,weekday,18
2479,14,2017-05-06,weekend,33
2480,14,2017-05-07,weekend,42
2481,14,2017-05-08,Vesak day,50
2482,14,2017-05-09,Vesak day,46
2483,14,2017-05-10,Vesak day,68
2484,14,2017-05-11,weekday,26
2485,14,2017-05-12,weekday,25
2486,14,2017-05-13,weekend,40
2487,14,2017-05-14,weekend,62
2488,14,2017-05-15,weekday,16
2489,14,2017-05-16,weekday,38
2490,14,2017-05-17,weekday,20
2491,14,2017-05-18,weekday,20
2492,14,2017-05-19,weekday,26
2493,14,2017-05-20,weekend,59
2494,14,2017-05-21,weekend,52
2495,14,2017-05-22,weekday,40
2496,14,2017-05-23,weekday,16
2497,14,2017-05-24,weekday,13
2498,14,2017-05-25,weekday,16
2499,14,2017-05-26,weekday,36
2500,14,2017-05-27,weekend,35
2501,14,2017-05-28,weekend,38
2502,14,2017-05-29,weekday,26
2503,14,2017-05-30,weekday,39
2504,14,2017-05-31,weekday,20
2505,14,2017-06-01,weekday,12
2506,14,2017-06-02,weekday,34
2507,14,2017-06-03,weekend,36
2508,14,2017-06-04,weekend,48
2509,14,2017-06-05,weekday,14
2510,14,2017-06-06,weekday,24
2511,14,2017-06-07,weekday,19
2512,14,2017-06-08,weekday,28
2513,14,2017-06-09,weekday,18
2514,14,2017-06-10,weekend,59
2515,14,2017-06-11,weekend,60
2516,14,2017-06-12,weekday,12
2517,14,2017-06-13,weekday,13
2518,14,2017-06-14,weekday,21
2519,14,2017-06-15,weekday,15
2520,14,2017-06-16,weekday,27
2521,14,2017-06-17,weekend,40
2522,14,2017-06-18,weekend,30
2523,14,2017-06-19,weekday,31
2524,14,2017-06-20,weekday,13
2525,14,2017-06-21,weekday,29
2526,14,2017-06-22,weekday,24
2527,14,2017-06-23,weekday,22
2528,14,2017-06-24,weekend,70
2529,14,2017-06-25,weekend,62
2530,14,2017-06-26,weekday,40
2531,14,2017-06-27,weekday,23
2532,14,2017-06-28,weekday,36
2533,14,2017-06-29,weekday,29
2534,14,2017-06-30,weekday,10
2535,15,2017-01-01,weekend,36
2536,15,2017-01-02,weekday,26
2537,15,2017-01-03,weekday,38
2538,15,2017-01-04,weekday,19
2539,15,2017-01-05,weekday,37
2540,15,2017-01-06,weekday,34
2541,15,2017-01-07,weekend,35
2542,15,2017-01-08,weekend,30
2543,15,2017-01-09,weekday,13
2544,15,2017-01-10,weekday,40
2545,15,2017-01-11,weekday,26
2546,15,2017-01-12,weekday,35
2547,15,2017-01-13,weekday,34
2548,15,2017-01-14,weekend,59
2549,15,2017-01-15,weekend,51
2550,15,2017-01-16,weekday,20
2551,15,2017-01-17,weekday,21
2552,15,2017-01-18,weekday,23
2553,15,2017-01-19,weekday,11
2554,15,2017-01-20,weekday,12
2555,15,2017-01-21,weekend,33
2556,15,2017-01-22,weekend,46
2557,15,2017-01-23,weekday,31
2558,15,2017-01-24,weekday,40
2559,15,2017-01-25,weekday,17
2560,15,2017-01-26,Chinese New Year,32
2561,15,2017-01-27,Chinese New Year,68
2562,15,2017-01-28,Chinese New Year,59
2563,15,2017-01-29,Chinese New Year,40
2564,15,2017-01-30,weekday,23
2565,15,2017-01-31,weekday,38
2566,15,2017-02-01,weekday,13
2567,15,2017-02-02,weekday,21
2568,15,2017-02-03,weekday,31
2569,15,2017-02-04,weekend,61
2570,15,2017-02-05,weekend,34
2571,15,2017-02-06,weekday,33
2572,15,2017-02-07,weekday,32
2573,15,2017-02-08,weekday,11
2574,15,2017-02-09,weekday,28
2575,15,2017-02-10,weekday,22
2576,15,2017-02-11,weekend,46
2577,15,2017-02-12,weekend,70
2578,15,2017-02-13,weekday,35
2579,15,2017-02-14,weekday,12
2580,15,2017-02-15,weekday,28
2581,15,2017-02-16,weekday,14
2582,15,2017-02-17,weekday,32
2583,15,2017-02-18,weekend,53
2584,15,2017-02-19,weekend,33
2585,15,2017-02-20,weekday,14
2586,15,2017-02-21,weekday,17
2587,15,2017-02-22,weekday,33
2588,15,2017-02-23,weekday,23
2589,15,2017-02-24,weekday,30
2590,15,2017-02-25,weekend,32
2591,15,2017-02-26,weekend,69
2592,15,2017-02-27,weekday,12
2593,15,2017-02-28,weekday,34
2594,15,2017-03-01,weekday,20
2595,15,2017-03-02,weekday,32
2596,15,2017-03-03,weekday,24
2597,15,2017-03-04,weekend,41
2598,15,2017-03-05,weekend,47
2599,15,2017-03-06,weekday,24
2600,15,2017-03-07,weekday,28
2601,15,2017-03-08,weekday,12
2602,15,2017-03-09,weekday,15
2603,15,2017-03-10,weekday,26
2604,15,2017-03-11,weekend,33
2605,15,2017-03-12,weekend,47
2606,15,2017-03-13,weekday,31
2607,15,2017-03-14,weekday,31
2608,15,2017-03-15,weekday,11
2609,15,2017-03-16,weekday,29
2610,15,2017-03-17,weekday,16
2611,15,2017-03-18,Holi,49
2612,15,2017-03-19,Holi,54
2613,15,2017-03-20,weekday,34
2614,15,2017-03-21,weekday,27
2615,15,2017-03-22,weekday,10
2616,15,2017-03-23,weekday,36
2617,15,2017-03-24,weekday,34
2618,15,2017-03-25,weekend,39
2619,15,2017-03-26,weekend,51
2620,15,2017-03-27,weekday,15
2621,15,2017-03-28,weekday,30
2622,15,2017-03-29,weekday,39
2623,15,2017-03-30,weekday,14
2624,15,2017-03-31,weekday,39
2625,15,2017-04-01,weekend,32
2626,15,2017-04-02,weekend,59
2627,15,2017-04-03,weekday,25
2628,15,2017-04-04,weekday,35
2629,15,2017-04-05,weekday,16
2630,15,2017-04-06,weekday,38
2631,15,2017-04-07,weekday,16
2632,15,2017-04-08,weekend,34
2633,15,2017-04-09,weekend,67
2634,15,2017-04-10,Therabada New Year,37
2635,15,2017-04-11,Therabada New Year,58
2636,15,2017-04-12,Good Friday,63
2637,15,2017-04-13,Good Friday,40
2638,15,2017-04-14,Good Friday,70
2639,15,2017-04-15,weekend,40
2640,15,2017-04-16,weekend,69
2641,15,2017-04-17,weekday,15
2642,15,2017-04-18,weekday,11
2643,15,2017-04-19,weekday,36
2644,15,2017-04-20,weekday,13
2645,15,2017-04-21,weekday,11
2646,15,2017-04-22,weekend,34
2647,15,2017-04-23,weekend,31
2648,15,2017-04-24,weekday,22
2649,15,2017-04-25,weekday,15
2650,15,2017-04-26,weekday,26
2651,15,2017-04-27,weekday,25
2652,15,2017-04-28,weekday,10
2653,15,2017-04-29,weekend,65
2654,15,2017-04-30,Labor Day,62
2655,15,2017-05-01,Labor Day,37
2656,15,2017-05-02,weekday,28
2657,15,2017-05-03,weekday,15
2658,15,2017-05-04,weekday,39
2659,15,2017-05-05,weekday,37
2660,15,2017-05-06,weekend,32
2661,15,2017-05-07,weekend,56
2662,15,2017-05-08,Vesak day,57
2663,15,2017-05-09,Vesak day,67
2664,15,2017-05-10,Vesak day,34
2665,15,2017-05-11,weekday,16
2666,15,2017-05-12,weekday,24
2667,15,2017-05-13,weekend,65
2668,15,2017-05-14,weekend,43
2669,15,2017-05-15,weekday,11
2670,15,2017-05-16,weekday,27
2671,15,2017-05-17,weekday,16
2672,15,2017-05-18,weekday,15
2673,15,2017-05-19,weekday,38
2674,15,2017-05-20,weekend,40
2675,15,2017-05-21,weekend,59
2676,15,2017-05-22,weekday,19
2677,15,2017-05-23,weekday,40
2678,15,2017-05-24,weekday,11
2679,15,2017-05-25,weekday,16
2680,15,2017-05-26,weekday,35
2681,15,2017-05-27,weekend,58
2682,15,2017-05-28,weekend,54
2683,15,2017-05-29,weekday,15
2684,15,2017-05-30,weekday,35
2685,15,2017-05-31,weekday,25
2686,15,2017-06-01,weekday,35
2687,15,2017-06-02,weekday,18
2688,15,2017-06-03,weekend,40
2689,15,2017-06-04,weekend,64
2690,15,2017-06-05,weekday,37
2691,15,2017-06-06,weekday,33
2692,15,2017-06-07,weekday,10
2693,15,2017-06-08,weekday,31
2694,15,2017-06-09,weekday,17
2695,15,2017-06-10,weekend,30
2696,15,2017-06-11,weekend,45
2697,15,2017-06-12,weekday,15
2698,15,2017-06-13,weekday,23
2699,15,2017-06-14,weekday,19
2700,15,2017-06-15,weekday,14
2701,15,2017-06-16,weekday,21
2702,15,2017-06-17,weekend,59
2703,15,2017-06-18,weekend,47
2704,15,2017-06-19,weekday,12
2705,15,2017-06-20,weekday,16
2706,15,2017-06-21,weekday,37
2707,15,2017-06-22,weekday,27
2708,15,2017-06-23,weekday,19
2709,15,2017-06-24,weekend,48
2710,15,2017-06-25,weekend,54
2711,15,2017-06-26,weekday,14
2712,15,2017-06-27,weekday,33
2713,15,2017-06-28,weekday,27
2714,15,2017-06-29,weekday,37
2715,15,2017-06-30,weekday,34